number of edges,exact microseconds,fine microseconds,medium microseconds,coarse microseconds
3,19.42184076464096,17.688003950118034,17.75484493642181,16.40351296828387
4,27.0830429397658,24.290976870839845,24.39036732055244,21.925523277012694
5,34.75231971011125,31.178913272161985,31.240077916067904,27.377499088037144
8,55.71892784430257,40.584975397088606,40.802448978337935,39.10911009973044
10,121.24903757988946,91.52075568087628,89.27862286216872,79.75007493329845
13,123.28337582105385,79.23882900666064,78.73800853292381,70.65896917791271
15,264.3664911670743,212.70900587574914,203.52099197055907,165.36709649420808
17,280.271545442541,249.42236322087078,242.3257031636257,183.05090036993488
25,217.07167379468135,122.6649731262907,121.27919287870773,111.10385926493385
26,333.19621487434335,226.6684256099722,227.23638923627794,187.32195533690296
39,663.9496186004694,409.00946401141425,380.903810583993,308.12705602272104
42,671.2233690890472,400.5939995275554,387.4527133241001,312.69365573728464
52,703.3618343159188,377.0387361592712,367.89203424431946,294.6066027233366
57,694.0857860227073,294.7057656248895,285.3309677282267,220.87144135911336
63,573.1915454684015,315.9715210173256,308.5161762253976,244.69916202008483
78,1010.9528473296868,420.23154623599993,413.5185051092748,315.3026269134103
84,644.657557489851,262.090775715601,262.93383695824264,220.34514545645328
123,1655.6005666747433,688.348670686592,662.9289659943669,493.69965076370306
127,1497.5023626793331,456.4966324981132,435.1981816086817,349.26597541950946
130,1236.154616593885,355.15376859302427,353.2422590571192,282.67407072711273
138,1788.9307070337445,619.0860598828483,601.710584026596,444.3564555918094
167,2240.607544522137,513.808159228596,506.5029050747894,371.1306813896101
176,1617.4218963551498,476.9207056841015,466.0679534081132,367.00760998817043
188,2508.638451314446,594.7833903136514,551.2159082066677,428.44262273184336
189,1415.3525910199555,354.59120652170435,344.26600052534116,276.5884174574704
206,4081.000143234106,1517.7941386403504,1502.802687546053,1089.101816219125
215,1779.1131428015872,456.0420532370761,452.12664629631723,354.6556944549642
217,2486.3176087842,578.9527065091487,561.03203956381,395.19422603902757
231,2879.825279236308,618.3306384191318,605.0122254275091,486.2030101745251
278,2317.590723069526,432.82993639409983,419.91647248669346,327.2221240363095
304,4341.606351777661,862.7586480816126,832.4910525832565,644.5798407140752
321,3403.7170257595035,857.8730001557047,802.7442155637076,593.4416442823505
329,3884.8294962216664,816.1333635261676,796.2613145412807,565.7899553328516
339,3180.5985439588026,474.57103922512914,466.54987613637184,358.62910831412927
377,4487.072734274922,703.1485360057518,702.0717541180101,528.1288904461328
415,5213.139756806246,716.4869710851365,703.7895254334067,537.6549107567682
421,6120.3217934110035,1273.23559490189,1231.5635237364838,842.2383711073661
437,7485.585367535906,959.1475179851152,940.5871460433669,678.8112757578336
440,4093.6460763125674,397.54308918676315,385.5114375344635,317.98104513160274
446,4748.308704158418,661.2098045345751,631.3333212433358,474.33863068751486
456,4496.170727651631,600.792447508951,594.740100651353,467.2209257992315
458,3771.766480310704,487.64661603096755,479.65762097039124,379.2624995561349
497,5896.516727795095,896.2981086140094,865.6341518760987,666.1149196332921
501,5003.698290686204,573.0027764980955,553.640259830182,435.24444415367157
516,4877.9587526738305,464.4861459561809,461.3672535134833,361.51763717298456
518,3695.7256115884334,311.86038946149694,312.4430373853122,260.2504144246528
520,4146.657537086908,397.22471298557593,388.0800587683818,318.6085691522163
551,6506.284156046168,574.8988698042781,555.1575186449926,429.02608579870923
566,6739.759342587411,729.5692637902941,720.9415084746915,581.1494483028233
579,5527.61462697811,634.7284560713857,613.6858393982296,494.1746881182184
584,6232.542996889789,1037.6972576373955,1013.0588467834959,740.6138851490026
614,5785.054749126711,531.0986295714156,519.7401203086209,394.6492240369458
622,12268.863582222215,2332.7772713143104,2269.459119548607,1425.590045336397
624,6740.700591552697,765.0861882219862,733.7891568439624,577.9870639517937
632,5664.706006229258,423.78434213170937,421.2791976644488,343.6401223309968
638,7604.508057102317,675.4942993435161,668.7682635400563,491.63371334905713
648,9916.492076363635,1878.7092161979444,1825.2341407843799,1141.893280355268
652,5038.56914567936,444.6894107955896,443.4299019280885,353.2468447327593
656,5222.707796063745,454.1470990747038,458.00134709026895,377.07774801589915
657,7564.687728100819,701.277972455549,695.7034400487407,537.9969156986238
711,7011.122676731519,572.1969828592426,557.0510380493573,451.21524857378165
761,6249.301401989542,493.532083987455,494.85487623216113,391.1905635960101
790,7696.961223257868,865.4157521410252,860.9084372220485,658.8115321888171
807,7639.419406856754,577.91985893155,562.8046653543047,447.2863000073987
885,11859.671431111108,1403.4560573313418,1399.9375412859542,1012.2222369081385
909,16466.68924,907.6385956878535,840.958496420427,592.9752997789243
914,13002.790352499998,1015.5561596231033,945.504815293157,685.9710996712665
925,16249.744108571429,1798.6883319804215,1791.1206212152351,1176.7499438725197
942,9998.156110000004,689.1860363713425,665.1750571949711,535.8516763237793
945,13307.3639875,1258.808162553952,1250.7615444124901,847.8986411284978
955,9292.565456363636,593.5515049802154,576.5934406231017,438.302876666994
959,13129.0754325,1422.4581506833479,1404.7314784207854,942.2801151709282
981,12117.074128888886,1221.9918299661176,1215.762614412729,880.2006356756698
997,8326.867118333339,632.4723167056586,610.3407739441136,486.67338242331317
1048,39657.67456,5819.739522066173,5694.3247197207975,3343.661392654455
1062,11633.097320000003,736.7061228115682,698.3590586652076,520.19281804537
1091,15706.322431428576,775.0397929920638,753.6920136172175,554.9103595771554
1099,17155.734719999997,4486.4651417549985,4315.611582336441,2663.570849890293
1141,28696.483245,2798.9366285091014,2747.800061327589,1720.7655279076803
1162,10015.254267999999,659.530263325568,649.8831397691993,524.5917331764041
1169,10005.591234000001,1160.2429409095935,1115.4209097139556,887.6246628763702
1193,13149.5039825,512.413026043177,506.8917314900166,388.027962950565
1197,11409.519377777779,736.0466393550043,740.4948600823622,586.3245572531526
1214,14405.933014285716,1161.6040389967116,1103.4034529607984,792.9948517968145
1231,11629.91870888889,1098.902335815979,1097.0665461291749,823.419401448515
1242,52833.20987,2722.079740027904,2642.4240395815973,1583.6058159055756
1249,13057.237550000002,765.7492994491311,750.1733435976387,583.616904455432
1252,23457.068328,700.3362031033545,691.1823905459174,522.9028756433011
1274,27626.22111,3093.071669276195,3054.546287614488,1977.6200522167132
1288,12927.8342,538.5499793324576,516.4516601036802,416.6654614438374
1296,32510.844545000004,4513.803622128209,4371.422347039195,2507.5945299362925
1301,32000.41334,4513.34580657475,4351.493962297768,2475.1199839955743
1305,22881.874416,2940.0321767713094,2811.819765084764,1742.0923957771477
1333,10437.618252,559.4028498839915,544.4904677657711,446.1723671700334
1344,24534.890360000005,2830.554644217395,2735.96585848595,1827.4265801572205
1359,40968.404793333335,1903.6912728159164,1873.346505154098,1172.506921170396
1406,34348.03266666667,5210.703383903753,5100.292179191726,2881.3580876790834
1417,39999.653926666666,4243.096898427744,4171.853578924017,2395.0264304111884
1436,28003.28563,4061.3544854334896,3986.206074506779,2244.611717599145
1465,39497.97836666668,6201.553255687902,6049.130352621252,3340.524759415454
1536,70075.26458,5732.750743986939,5508.918128469849,3077.2917417351905
1541,16388.69569714286,650.4540123253994,634.617139039304,504.3341110458102
1556,24195.035556000013,3085.8134844118736,3022.439359566212,2103.6125089628326
1575,36820.17264,3524.578492630873,3484.9672951084203,2115.032120758753
1584,47267.62950666666,2306.8014690267946,2217.705052724606,1399.1436830516727
1586,40950.910566666666,4172.512217556683,4058.62864454867,2297.7766528646853
1596,17759.765829999997,818.0185554663823,789.4193621620913,576.069875963533
1637,16029.572697142856,382.3015447205962,379.29051950093975,327.08041744281553
1659,53733.50683,5965.680741744711,5810.792579255049,3171.1426881525886
1737,17335.898409999998,568.0196426745371,557.4043368562827,452.11451311759976
1763,20826.544324000002,851.5605472736006,826.2708740100901,599.5899641224656
1779,32852.37522,4338.498160025689,4292.6540876174195,2447.9577662661345
1783,28311.259739999998,1651.379574736715,1515.7435788540947,1133.3361974200093
1810,64472.83888,3409.7110142624606,3365.95706351035,1923.0796298734608
1827,16527.87651142857,635.0394684724752,625.025596777059,491.88945731354846
1868,42511.416506666676,3437.6152611780544,3362.7931699915084,2056.622272938973
1934,15945.318968571424,581.1166892385564,575.1647256658222,467.71489164112273
1937,25510.893825,2403.8829581408877,2327.7381104665096,1515.866055681982
1966,21552.906380000008,724.9089177427154,699.6782420524389,543.5829871766153
1992,36858.546546666665,3352.065466890117,3331.052853155621,2006.671065371687
2002,54902.94477,2232.2149771102804,2213.823020331532,1368.8714758417777
2111,40075.18067333333,3257.5435637429205,3202.9754062115226,1837.3794499671715
2121,80865.07665999999,3039.1145545908635,3022.451366576033,1816.272550883522
2139,89253.35853,3154.1073205396024,3121.9542014194485,1817.5537271675837
2141,48478.39500666666,3829.761342970122,3729.3145119168335,2116.3861189527797
2167,50427.06042,3576.7878601114494,3501.3374463321284,2114.643961956046
2197,22867.798959999993,1167.0870969467235,1147.230655321716,880.0910008559105
2204,42578.02323333334,2325.920328976361,2314.340393320683,1500.5887329709083
2224,33716.25254666667,2841.9387124034224,2834.552353977122,1779.521464832552
2255,30862.010715,2232.148191114729,2222.190050228793,1477.464172351488
2296,86100.32518000001,4450.339915313402,4423.206181288592,2470.83880216798
2512,67567.21234999999,3225.510075124727,3144.894418474246,2011.2768212407107
2518,39959.569966666655,1472.1398947606776,1419.9955087017704,947.7821379846233
2541,54080.31828,4904.900573737688,4676.692045128527,2837.6625937524263
2544,29852.26267,758.4348171762773,734.3975207728402,572.5877716698873
2551,76133.11518000001,4049.743190376247,3999.9648054871745,2301.028470138146
2567,22284.283047999998,864.7865810508601,837.4285248374656,666.879033045839
2602,70887.65726,7053.51722640746,6934.67979228605,3822.9093429851873
2611,29647.09269,1066.551328104918,1033.2098697523272,785.0162274317687
2692,34045.498060000005,2184.538047206873,2054.8715708904565,1438.0570946429948
2798,24198.503411999995,848.2002240629218,849.3762369354409,658.9054644837186
2814,29373.501164999998,1015.6643666382432,1011.4568232150679,764.4568321813642
2872,74569.43826000001,3814.888984472337,3775.573262091409,2245.0892136292996
2908,32504.457085000002,1430.5969466114275,1436.103904878342,1153.0888160351874
2922,45590.15071333333,1793.644088617624,1760.535497487367,1380.0199743437893
2926,105102.88364,3440.9685615534445,3415.0156341538855,1956.8074332597432
2934,34820.92662,1158.5346570567194,1095.7095906387085,849.0670684152223
2995,44778.65445333332,2714.398010029164,2630.876082123213,1739.510416035187
3001,53077.770560000004,3107.0067243732633,3088.2050730571473,2020.418175236429
3127,31317.643305,1006.7428784759403,994.1781157553205,758.3520836421102
3163,37083.933020000004,2438.491754795215,2423.9452095639485,1832.9073366604632
3181,117658.35398,4007.0386362867134,3987.874410612816,2280.6772887797115
3206,47929.28624,1581.1342711534833,1578.0013719905646,1222.1985698894744
3272,122791.40034000001,4664.480686186542,4610.7406625132835,2711.7630817010704
3299,41548.09953333331,1316.583190806493,1253.8959007543724,927.5537703505507
3338,34422.47992666665,703.8254575140905,690.022136116079,570.2894702290344
3339,34372.41568666668,1317.3482778054563,1270.7621567467168,968.7269696584183
3409,50030.09928,1376.0619129983188,1300.7394570685155,963.4062850781994
3499,85384.19707,4308.22777818625,4249.036463511353,2596.127829283771
3626,91833.63765,8440.086990000002,8221.2452,4855.439515580974
3647,101966.33306,5076.734382928771,5010.195853767884,2846.542168638015
3678,43654.14464666666,1569.2399783675683,1518.5330370593442,1188.7106290202673
3914,61187.375530000005,1809.7965480646435,1746.6204067077813,1357.505109755238
3991,49434.81782000001,933.3330188078257,912.0316457584591,703.1938475128886
4117,50191.94893,2257.7877314458447,2220.6200535530634,1590.4081019406326
4129,44268.11648666665,854.1029530643002,830.4521974535634,647.9340387740515
4144,55276.732200000006,1141.5937729933707,1115.7897917384782,843.5217491039701
4208,107862.66836,4737.60862207819,4711.259768611695,2798.141964371654
4221,42905.18594,1369.8390643593848,1347.2603137181945,1049.034171186348
4266,239564.65959999998,8170.408447692305,8128.353100000001,4421.260659409779
4358,97725.82966,4978.993523090268,4742.499966545645,2756.279274978354
4735,107683.14090000001,5871.733569725498,5630.123110216813,3424.8309087817565
4780,87340.78433,4391.3748951318385,4424.727984401813,2766.6303997295117
4880,57530.65276,838.8544365793298,828.1901958156334,643.113194499113
4959,107819.31698,3936.4599821990364,3772.2623223335763,2358.2432788931287
5249,57772.97488,655.8002241013306,643.8577649412647,515.7414244261494
5341,50266.69795,583.9016803594382,578.9105156324473,491.37045666184684
5349,100452.44631999999,2003.0722514705124,1883.067567046517,1479.7009938247866
5400,77187.86097,1081.232069898027,1082.769934100215,890.1808909201466
5405,50405.230659999994,1000.798211243264,980.8916979646741,754.8651089678413
5420,51219.40816,710.3225825675597,686.1152475051433,555.4604175227016
6101,71648.26262000001,739.1006230603252,728.4594770502922,590.1620708248446
6442,62297.0057,1163.8963625098058,1156.1254553949507,877.6233205602401
6693,86825.52990000001,1165.125879704551,1122.5831923869957,827.6981662847813
6729,78208.24236,935.9514478912333,892.9719824140907,714.4584887813531
6756,84811.03539,1368.6731988469926,1330.014098267406,1007.5683341952661
6953,131758.76686,2566.623833660142,2546.2059967403948,1661.0447986974705
7038,217105.13246000002,8919.074755000001,8680.635741666665,5630.3790844420155
7110,73858.56779,1767.8119878702278,1719.5268275150165,1210.5697419890757
7161,153516.21936000002,8383.471125,8042.288992307692,4604.400762450176
7185,132068.33176,4724.618149219837,4498.04815882212,2841.746804582059
7209,171901.94118,3956.5888100112215,3762.896311547731,2286.30192532037
7311,72939.42244,1325.9243079158723,1316.4962630756115,1037.856840071563
7324,96072.27678,1357.9084832500407,1323.0527636456463,1074.5630903383778
7325,133920.58306,3185.2216451161307,3109.440945790975,2080.702550148263
7352,78265.43098,1151.1601977476485,1153.0491859585036,917.1215852046855
7381,101005.05898,1725.4778187463837,1713.683075999276,1409.5047525834996
7453,88781.41172,1375.5439234159608,1342.861414242675,1093.3470120410911
7477,107966.56876000001,848.0492775150533,858.6221076097441,663.0637449206588
7514,101351.79544,1963.8617001265159,1750.9689107106944,1335.6387996413184
7577,140676.76256,4523.026119173258,4328.188272234675,2737.724957660041
7615,140731.89522,5112.642309780067,4995.480767069283,3090.0672382892117
7694,128625.70276,1811.6654916721118,1741.985357130523,1348.6832602388508
7785,95309.42007,1633.5637330459601,1611.8514518531856,1303.7989060431612
7808,89852.33571,1562.5555768824934,1525.8215245372623,1148.0986145738889
7830,107554.7493,1977.9624428418745,1931.7974050830196,1341.491711669581
7853,106640.92632,1795.3705986943223,1761.3336577145337,1355.218574899975
8084,168152.96219999998,4874.5331857783385,4787.09419226186,3125.398496908904
8211,243097.80112000002,5151.456173914476,4659.835982253508,2877.9332315063302
8231,177649.43674,5642.0971835404125,5054.922410406896,3094.136205597383
8787,126652.62509999999,1233.5498630874952,1209.8778750543934,937.798609177303
8893,96880.74293000001,1475.1270135587815,1417.70453064991,1121.3485115691306
9279,88925.18669,775.4837849304666,769.3685781232767,621.1496459572464
9366,147667.56628,1388.9119759560424,1350.7077139561027,1013.7992921820628
9727,109593.31951999999,1144.402672198727,1128.182620645758,862.9273739123944
9743,286691.90658,6546.026629096877,6507.946564428709,4047.149923838308
9883,123138.22186,1184.3781228422008,1158.9438946200244,933.4994706613155
10090,435349.46183999995,7250.801042568343,7269.6955286131215,4368.841599166398
10350,169926.01856,1290.6567357941453,1272.1884910289664,965.1274396582902
10368,115204.25438,1606.386809261271,1562.6509827589211,1209.7823490605356
10393,218377.05219999998,5149.967830065112,4949.55830217214,2925.3815728807867
10533,264122.30322,6888.459577377665,6677.395212156879,3892.5039139975506
10600,137339.61606,1186.371805114778,1200.8538689292407,912.1347712895833
10805,123489.8433,1750.0167316751733,1764.0356413154059,1421.2550727805015
10850,172860.05682,2370.7322809704715,2374.1433909733364,1870.5312310877912
10947,242992.61753999998,4811.268767771018,4606.549080060584,2746.73914061416
11011,198298.94134,1521.2513883631027,1495.2774016236326,1147.249615060987
11040,294087.57633999997,5091.250601502147,4886.736340028269,2863.750018098508
11154,229167.17766,5894.912521724556,5697.681675776386,3625.5244062647826
12266,290487.9466,1347.675538635766,1345.8061953493605,1027.3531927873046
12346,466335.66542000003,8951.792223333336,8573.726905,4863.324595903638
12430,138719.5415,1313.8534631256973,1264.089666096577,1013.1780908930727
12484,301746.43264,2151.656665310563,2097.694578318624,1622.576009051308
12676,138653.89864,1336.7999258874704,1293.1731683629948,1071.8299164666055
13025,269221.70076,1282.4622154210495,1251.36826449224,942.5806573844366
13138,184486.63053999998,1878.6922192062632,1895.1000616817662,1477.044381622386
13184,326509.62668,5701.7192896607485,5615.475920201852,3586.294575060914
13895,159582.67366,1491.2701924351766,1470.8150352021719,1100.8970060324182
14009,152800.20272,1327.56252102656,1301.1310667450657,1025.2289540888296
14031,279388.74954000005,5489.572637653381,5361.017859310652,3406.8038424163396
14085,356866.15592,2169.9785391182045,2156.838131184894,1529.5580142706622
14202,244992.77962000002,1748.1084717535025,1776.5805757707951,1436.311540116327
14320,299015.30324000004,7199.482563761709,7023.162814238186,4623.877102127758
14366,239008.82054,5780.739509672042,5577.401097483781,3467.788158923718
14552,163063.88890000002,994.9883569631348,985.8895425946706,805.7855376699823
14622,141278.94053999998,764.1997733871606,751.0988045012825,620.379063741915
14650,295284.151,3271.3063484943873,3151.957262060332,2129.6540796505706
15352,179825.77096,1487.3156627091082,1477.1666549853194,1146.8920216664042
15720,249958.32138,1748.064351195298,1743.2619699823092,1304.0586835238855
16201,349891.36816,4420.304736501398,4315.792303467795,2646.2231756728256
16324,162164.04166,880.9163238846206,874.7322067926638,679.5165187130731
16533,314023.22692000004,6515.32343677046,6155.879063047757,3703.935878200904
16637,448695.80024,5398.803108626081,5152.742329835516,3273.385726121343
17580,242917.09186000002,1539.4530432529618,1530.1004022426764,1219.6974008056782
17662,322780.13226,2815.9330548428975,2680.0042962405782,2048.5713572490477
18382,351859.44442,6416.163928465228,6298.867807360562,4007.825462960892
18568,223664.71482,2287.626311332844,2299.4351311245387,1798.6891042197751
18763,719964.9692200001,4568.657425686206,4433.906658013077,2532.15284629741
18810,205330.30652,1104.220730005859,1101.6721609184488,917.0359589852393
18859,278850.68654,1221.5272275439925,1185.9031069947096,900.1322316499705
19517,250067.21244,2119.167112481184,2094.89457881102,1529.5628205995308
19536,264693.7896,1076.240866533011,1070.7412987376222,832.7547156230175
20431,359210.52406,3760.473907465106,3663.1941909628003,2662.974929917125
21058,275867.53384,1964.7005008923365,1938.7999725815557,1653.5063031218085
21066,262235.34746,1565.537511640902,1544.824121832438,1184.4639108962012
21489,490009.77218,4049.0736192259637,3982.0307332247353,2508.326715775487
21705,439549.28134,3408.6251065647834,3267.1069453702075,2576.368089661173
21883,419604.56114,4544.384965464763,4313.680711030445,2896.2285058745783
22092,372291.95784,3316.067970326635,3240.1763980285914,2235.6907434190875
22169,535686.95274,8277.696533846152,8002.898075384618,5013.714751602362
22547,467258.77672,1951.8116615263564,1961.8471839236215,1507.2519077741617
22622,624439.02208,5141.244182105704,5082.696919446039,3292.5248311656815
23310,242729.83912000002,1091.7793826151296,1073.2177598724027,849.5225757583197
23422,305883.02864,2054.519518472285,2008.1710758043155,1675.8618055550135
23697,373678.38504,2122.7115295386916,1977.6920911653867,1484.2122293228165
23894,573643.65368,2339.0921572193674,2338.876777104491,1808.0878837411797
24175,339662.77986,4800.5157827764215,4550.218564186683,3059.2309701422814
24882,362464.85932,1211.4364014015525,1187.7880080353445,931.8583703495801
24948,490546.00936,2552.8130807081398,2586.1784926410555,1893.248070375641
25838,328646.42032,2122.4328859331104,2080.36153077946,1662.6680141325414
26299,329524.96386,1792.9238237610866,1714.2344042327807,1347.6591965292057
27723,344026.62364,1526.3473147553568,1520.74607791235,1300.9923669453747
28082,709958.614,6269.333779319507,6099.970234549028,3983.7514615314776
28331,358651.66004000005,1928.9487808326735,1885.6843875599563,1495.642240587673
28655,371531.11542000005,1983.4811390341895,1950.9340477998255,1548.6339009673327
28683,497139.13577999995,2647.818954093438,2606.442135959917,1877.8580031850458
28743,515807.26518,3561.102340462533,3435.6621544483096,2662.686416603767
29114,393712.6941,3075.7106719063117,2974.6590832333945,2174.072708774651
29343,452583.94368,1942.489639848124,1876.5783376691759,1332.0085690820874
30081,558164.7084400001,4146.098031061266,4096.740409967671,2926.6213399292064
30544,509370.78132,2682.0991390286777,2652.3522961068693,1844.4639998725281
31412,573979.71232,1763.84173326034,1741.5967739457594,1420.2413661167752
31874,403891.6553,1649.9582064372332,1630.3312542402955,1312.0945160010988
31895,370028.50742000004,1569.7109681078452,1559.0014389997552,1196.0287886515105
31916,697173.4151,8963.023254999998,8786.380338333332,5430.916123461276
31927,639224.7520399999,2381.832583786777,2224.547509058606,1561.075660822991
32385,477265.70724,1184.7863817718262,1165.4956674522102,950.9332338471631
32625,586178.31776,1831.158527983842,1828.240329139483,1405.6543672727976
32894,696205.5846599999,2950.1165335534924,2806.134190737501,2108.336269617476
33487,976065.44792,14620.23207142857,14169.819408571428,8708.865544999999
33489,607926.528,7030.7536692373415,6935.613473173512,4959.551819391977
34535,712157.2762999999,3785.9714168642486,3729.255307631479,2832.351724059882
34814,675325.01708,2006.806967184847,1997.7966296484078,1602.226416172628
35250,410755.49736000004,1404.0291018282576,1427.5659416179094,1171.0588231357785
36251,954826.03858,7849.129907692308,7797.176246153846,4947.663993740712
36258,830624.20244,3437.167409235642,3371.8520066887863,2711.6231759724938
36372,625506.27574,6177.991355240399,6122.789969987181,3867.482732180661
36825,603100.4201,1367.2509870134227,1343.4845883487524,1022.8835764748573
37132,1439544.9504000002,10804.230596,10437.531613999998,5899.329364027186
37328,1087993.80656,9549.943750909091,9232.993205454546,5361.995429723041
37724,497554.3621,2070.153768767803,2013.1997606817029,1623.7421512590356
38326,475876.94232,1197.368776101698,1177.967488729323,963.8003138241953
39183,661546.96766,6732.1614773954925,6796.693631833255,4852.275095244826
41022,642307.7606599999,2774.3043909635308,2797.817757380818,2219.708112446624
41626,892250.3306799999,5783.500667096846,5696.5331677529175,3753.7470992115336
43137,608145.8233200001,1446.9764525284036,1438.3066255021854,1151.1129535432112
43773,1097878.5002000001,7722.500641201523,7384.867091200095,4623.495066220596
44116,768725.80426,1747.532015619435,1739.7372593249956,1388.6140997122702
44956,1235553.13304,6728.3977003406235,6553.2294523529,4057.6719820994126
45173,792163.5221599999,2418.0990474071873,2372.130743499328,1928.8447033095647
45335,708586.24432,4690.338013157924,4645.812593844006,3310.209507586786
45430,781054.8312799999,3132.900637056029,2953.885611880676,1991.469508031375
45439,840239.7325800001,2831.8300417209966,2797.9817988626855,2052.9534016860007
47709,1145096.62906,2555.787360468616,2551.615647567789,1940.288506627129
48113,689026.0114600001,2253.4173703176807,2262.6897052553995,1825.7615374566064
49087,1113240.9905,6691.953394148166,6372.721455308396,4002.363844520712
49672,1225427.40502,6130.366067374542,5866.809092193867,3769.5062112635796
50545,3419115.086,7675.704473176025,7561.42757915223,4577.89626043013
51297,802253.0482999999,1762.2026594263366,1717.1505362765306,1389.651414388749
51402,650159.28084,1810.148805108529,1793.3799650593028,1359.3560445758967
52061,1132503.9496600002,2625.02709046639,2640.1002854098874,2026.5465903607837
53343,857327.76346,2645.5074586803826,2611.320583817269,1953.1078982895194
53522,720323.7422999999,2116.662312895766,2108.9719627905397,1602.1099988042974
54161,701519.42558,2057.001663609825,1997.6681040421183,1513.559519627044
55401,986943.3251,2304.147757482496,2275.53761746809,1808.2329699795112
56089,748353.2710800001,2075.7590057065495,1979.7768699607755,1573.769266859161
61238,898828.8265399999,2420.770499115105,2477.937492577064,1886.949112495774
65552,2825920.0373400003,18217.926679999997,17435.952726666663,9680.381329090907
68073,1167417.03588,2146.952428648058,2124.978720089077,1630.5974090341076
69303,1576664.53028,10112.553346,9888.960592727271,5915.016384792634
70611,1102396.67938,5115.620817007842,5121.2131863986415,3942.841363399165
71004,1142405.85106,1766.900252597992,1761.4620227446053,1430.2906041091592
71273,1561511.7166600002,8647.700743333335,8517.498276666665,5992.6738563384615
74565,2630063.66866,11123.70920222222,10719.550254,6319.133109983247
75773,1241881.04956,2940.023939457568,2926.8201510673503,2328.9874216946932
76856,1262106.8966400002,1500.1617582211145,1484.1987470183597,1246.0347339583848
78846,1920904.90434,2221.0680681534814,2064.218643212379,1631.8478216955436
84673,1246849.8006199999,3919.4946297810416,3840.746732544986,2623.488572821733
86534,1321087.9124200002,3171.0195724831347,3172.254223182214,2600.5780917630987
89080,1712555.5616600001,2048.6082177787916,2008.871086771549,1459.6799601370496
90214,1342112.3821400001,2166.8299207675013,2156.8991934211003,1796.7373236602702
90852,1818154.2949400002,2352.0304326817345,2260.2993527531257,1678.8611130987547
91322,2044062.1614400002,2992.198044806067,2901.874405093949,2102.08541104595
92753,1370649.76846,3403.2663999425727,3250.3084513452204,2406.790580075972
93638,1827701.1441199998,2510.3388328520014,2488.4213620745454,1868.1068865365737
97973,4091000.73808,9688.15486363636,9195.689758181821,5337.5840898385795
100066,1855795.72534,2030.8517134245847,2011.8109961155124,1577.1401447127337
100438,1752781.55736,2664.157184514988,2611.4531800145974,1960.4617580578474
104466,1544071.40836,3721.3334481691127,3680.9610697739963,2443.4172021150293
105357,1590344.46894,1881.9550820804766,1830.6459957882082,1463.5143672888612
106906,1341995.2252,1923.181816864542,1872.7421489785997,1487.5866131091848
107438,1507713.11524,2207.8839304263306,2235.0744099117737,1746.8961685927245
110384,1835303.2178399998,2715.586530339703,2647.6755374214686,1943.1880933606672
111442,3281171.1549400003,8715.886511666668,8140.041726153845,4937.8023523639395
116316,1922271.4923399999,7845.58096307692,7636.5480324396885,5060.9503146813395
117711,1987706.996,7978.480976923077,7644.496578023171,4978.20802598749
118261,2563115.8156399997,2824.65563911404,2731.163504668325,2199.8485294660522
122471,1671587.46866,2231.0026092229596,2188.949763985521,1780.6896802173994
123925,2799009.5437800004,2813.8914698245767,2741.2860485215256,2056.617177890793
127086,4850236.47156,5794.4907715866475,5688.995294818632,3437.507110278031
129420,2572395.5017199996,3342.3682231580483,3322.757172923571,2640.305632906555
134879,3181060.55662,2713.4513335175284,2662.6145801148336,1955.8062834359723
135973,3660835.8102399996,22043.402476000003,21484.549079999997,14042.17209
142903,3282630.4303,2695.968580800523,2660.0243515972297,2021.817996239881
143856,3623645.2693600003,8256.434083076922,8010.395183076924,5137.379674516746
144326,3707565.54398,9508.464098181817,9267.602723636364,5804.64906838176
145919,3792399.4651599997,7085.815828837749,6943.604114368418,4257.524770451261
150018,2787773.8293000003,4632.621824970565,4657.469456599149,3524.828461583625
150070,3400390.85652,3562.168827975821,3357.5390291562258,2445.556884039976
150290,2997066.9963200004,2421.5973217205024,2305.8690669488424,1913.3093141756901
151470,2645218.94802,3467.3651240374243,3434.5543189263753,2686.789295624077
154271,2479021.01698,2144.943913144704,2124.7403746795094,1633.7451794798033
155903,2651993.48646,2508.713759181027,2490.6343980826628,1902.1180997349607
160715,2978372.76776,2497.212873183875,2459.215010794955,2030.3170030113579
162764,3130091.4419400003,8380.373308333337,8292.804426666666,5649.381574974703
163308,3516137.129,2181.3747101879135,2178.5084346901463,1714.6647174375696
168398,2863622.4317199998,1854.9256987860904,1832.8342370808361,1472.0247321378865
169153,2545810.49712,2283.818317913117,2293.011814431743,1870.5230140262513
171144,3290819.6236799997,4575.580776853567,4444.212369855853,3592.6638715175945
172025,2971333.94752,3888.916809638588,3732.3352445603564,2944.445501316206
174363,3416875.38144,3134.1855929863095,3103.8172322984956,2386.2882929513326
179861,4190805.1046599997,8223.236730769233,8014.329404615384,5010.181610879982
186639,5668007.44546,17038.327213333334,16186.31292857143,9063.571139999998
187062,3941186.0877,2749.8067341252786,2701.0495772243817,2098.6582774313583
187903,4041718.13682,3609.251765267428,3505.500947500897,2723.6581799661626
194546,3043924.3142399997,2563.3431795933916,2543.8008120347977,1956.2105096210453
206479,5312721.5415,6297.398300161823,6132.0922749367655,4055.429423585468
207428,2929552.29444,2262.017996238474,2137.675776531772,1708.650607845337
226109,3322918.12314,2314.906992630169,2278.2705091770317,1854.0917207054217
231972,5897848.8492,12496.17816,12247.12648888889,8074.221673846155
233624,3866423.33798,4195.157130370214,4139.460569043546,3379.763591133811
236899,4771431.42308,6100.786868920609,5994.547484821277,4377.729620869767
238313,4271299.2533,8810.237636666667,8757.27166166667,6023.373703907933
240797,10341473.45674,15979.283074285713,15710.324794285716,9279.95939090909
246496,6755043.56408,11404.297208888887,11421.93966888889,7318.077289337108
246522,3933330.4371599997,2462.668463706435,2421.7142433030226,1919.0881313739033
247550,4769524.59646,1853.3788678144688,1816.949354683459,1460.1292963956237
255744,3832465.20212,1741.9931363362382,1704.4006942387914,1426.3303808327498
258532,5886769.5484,5097.166706805769,5085.950227903434,3887.972045892748
286169,6992035.8769,4180.535282773395,3982.2484247747934,2896.4942744458413
293970,6050894.35166,3055.5410234548967,3002.34573550335,2360.568568624609
307213,7718491.35468,9915.895138181815,9892.831039999997,6392.653796900506
308217,6305111.480939999,1845.1784472033087,1837.4891708776684,1468.49705733589
313107,7340550.08682,2856.9338124869932,2816.4604841807172,2247.4874052586956
315317,5037441.1999200005,1904.9372677583906,1886.0948210435945,1537.3715114620877
327648,14136339.06872,18202.891596666672,17290.563113333334,9405.46712909091
327842,5806443.57254,6416.197400085563,6012.039929290389,4827.209059204824
342958,6510270.42344,9532.810325454548,9349.430229090907,6108.220171640584
347622,6512447.98274,3089.2442825747444,3176.456713796554,2443.188147713304
351278,6084157.8621000005,3233.447446444038,3193.90384270359,2660.7683117825777
364358,9583087.92798,3705.9032095924063,3614.3471736811894,2730.252725584267
365307,17443991.43066,17423.16736666667,16828.166289999997,9971.483616000001
396202,22381869.07098,19540.12105,19523.969169999993,12526.583345000001
408127,7842222.30296,2411.9456811047326,2379.1702429889033,1878.2827391204812
408236,7347887.97258,3742.934039498018,3694.622725878032,2873.825630282579
408840,10106023.61968,19949.309288000004,19172.360716666662,11346.978924444444
410090,10216775.819200002,4118.734616447631,4134.970710775674,2945.958880542882
436603,17400278.77878,14768.786437142859,14577.30641142857,9308.726734545455
439443,10124323.27176,7904.2969338461535,7854.37722923077,5273.280472449647
441004,7667434.82416,2872.11112042493,2835.2358906460854,2299.961484757623
444116,10078548.789239999,3144.0036318342404,3093.5600307549403,2321.7039762700965
453233,10679627.179620001,3176.113051360631,3136.35028058645,2302.6803412330123
454436,6664037.69606,2253.95604489598,2265.9241140563045,1770.1174001594268
467795,10042899.958,4475.4166051224265,4538.902885641877,3651.818281858189
479811,16840847.39352,10502.676800000003,10306.138130000003,6667.555195855979
480865,19757950.38664,11979.681124444442,11843.382706666667,7420.277603890818
486900,11882167.719899999,8228.498053846153,8249.054823076922,5659.812046790025
527620,8738787.657680001,4163.238801491024,4116.840640310595,3166.617438181183
542659,15146967.40434,14416.118614285722,14104.45957,9377.184025454544
572604,10872142.375540001,14065.909835,13766.644567500001,9031.346405454544
603177,12691376.232180001,5946.241456200123,5930.953519535842,4499.2723699713615
611336,11181979.92716,3776.7474007629066,3768.7622464052793,2963.1538822986913
626469,12036613.70704,6010.819301346005,6070.544836158378,4632.033560822624
655500,35159766.390839994,15531.199485714285,14812.96568571428,8485.150121666667
689557,17273408.98438,14386.723697142865,13857.537535,8826.17292
700767,21231629.4987,13220.253182499999,13024.1494975,8702.46239
717978,16336630.97794,6585.121184439011,6648.262753298223,4928.686799948883
736024,18997170.16026,4117.787005841392,4067.7712090267264,3044.659997926445
744785,20020332.147060003,6791.606519357421,6610.3034349988375,4754.8317901180235
760654,17117082.97222,4691.969591549985,4738.428218352516,3670.9103547138766
782561,20627070.64684,3620.8037507274207,3542.6979109930708,2752.120738778878
803737,15619249.79094,3485.9597780581403,3439.2941811528517,2697.463338622134
860739,20810035.14958,4955.158383891827,5041.046502573152,3706.4223199610046
883823,21943463.6203,4659.020360642623,4515.319420326274,3632.49674081752
